Nome;Código;Ementa;Obrigatória;Extensionista;Bibliografia;Periodo
Programação e Desenvolvimento de Software I;DCC203; Introdução ao funcionamento de um computador e ao desenvolvimento de programas. Desenvolvimento de programas em uma linguagem de alto nível. Tipos de dados simples, apontadores, variáveis compostas homogêneas e heterogêneas. Entrada e saída. Estruturas de controle e repetição. Funções e ferramentas de modularização. ;sim;não;André Backes, Linguagem C – completa e descomplicada, 2013 – Editora Campus. ISBN-10: 8535268553 Jaime E. dos Santos, Aprendendo a Programar Programando na Linguagem C. W. Celes, R. Cerqueira, J. L. Rangel, Introdução a Estruturas de Dados, 2004. Fábio Mokarzel & Nei Soma, Introdução à Ciência da Computação.  ;1
Introdução à Lógica Computacional;DCC638; Revisão de teoria de conjuntos e funções. Fundamentos das lógicas proposicional e de predicados. Fundamentos de álgebra Booleana e circuitos digitais combinatórios. Métodos de demonstração. Indução e recursão. ;sim;não;Matemática Discreta e Suas Aplicações. Kenneth H. Rosen. 6a Edição. How to Prove It: A Structured Approach. Daniel J. Velleman. 2nd Edition. Cambridge. University Press.   ;2
Cálculo 1;MAT001;" Integrais- impróprias: sequências séries numéricas. Funções de R em R. Derivadas. Integrais. Aplicações. ""Regras de L'Hospital"". ";sim;não;SIMMONS, G.F. – Cálculo com Geometria Analítica, volume 1 – Ed. McGraw-Hill, 1987. São Paulo. LEITHOLD, L. – Cálculo com Geometria Analítica – Ed. Harbra. São Paulo. ÁVILA, G.S.S. – Cálculo I – Livros Técnicos e Científicos S/A e Ed. Universidade de Brasília. APOSTOL, T.M. - Cálculo, volume 1, Ed. Reverté Ltda. LEWIS, K. – Cálculo e Álgebra Linear, vlumes 1 e 2 – Prentice Hall do Brasil. SWOKOWSKI, E.W. - Cálculo com Geometria Analítica, volume 1 – Ed. McGraw-Hill. São Paulo.  ;3
Fundamentos de Ciência de Dados;BCDXXX (À Definir); Fundamentos da Ciência de Dados combina três perspectivas: pensamento inferencial, pensamento computacional e relevância no mundo real. O curso ensina conceitos e habilidades críticas de análise descritiva e inferencial a partir de ferramentas computacionais. Durante a disciplina, um conjunto de análises práticas de dados do mundo real, incluindo dados econômicos, coleções de documentos, dados geográficos e redes sociais, é realizado com os discentes. Atividade integraliza extensão. ;sim;sim;Ani Adhikari, John DeNero, David Wagner. Computational and Inferential Thinking: The Foundations of Data Science: Online. (https://inferentialthinking.com/chapters/intro.html), 2023.  ;4
Administração (TGA);CAD103; Organização e Gestão: conceitos básicos. Evolução da teoria das organizações e da Administração. Ambiente, responsabilidade social e objetivos. Estrutura organizacional. Sistema psicossocial. Sistema gerencial. ;sim;não;CHIAVENATO, I. Administração: Teoria, Processo e Prática. 3ª ed., São Paulo: Makron Books (Pearson Education do Brasil), 2000. MAXIMIANO, A. C. A. Teoria Geral da Administração: Da Revolução Urbana à Revolução Digital, 6ª. Ed. São Paulo: Atlas, 2006. TAYLOR, F., Princípios de Administração Científica. São Paulo: Atlas, 1995  2o  Período  ;5
Programação e Desenvolvimento de Software II;DCC204; Programação estruturada e linguagem de programação modular. Metodologias de desenvolvimento de software. Compreensão, corretude e depuração de programas. Resolução de problemas de forma modular e eficiente. ;sim;não;"Martin Fowler, Kent Beck, John Brant, William Opdyke, Don Roberts. Refactoring: Improving the  Design of Existing Code. Addison-Wesley Professional, 1999. Brian W. Kernighan e Rob Pike. The Practice of Programming. Addison-Wesley, 1999. Stanley B. Lippman, Josée Lajoie, Barbara E. Moo. C++ Primer (5th Edition). Addison-Wesley  Professional, 2012. Robert C. Martin. Clean Code: A Handbook of Agile Software Craftsmanship. Prentice Hall, 2008.  Steve McConnell. Code Complete: A Practical Handbook of Software Construction. Microsoft  Press; 2nd edition, 2004. Scott Meyers. Effective C++: 55 Specific Ways to Improve Your Programs and Designs (3rd  Edition). Addison-Wesley, 2005. Glenford J. Myers. The Art of Software Testing, Second Edition. Wiley, 2004. Nívio Ziviani. Projeto de Algoritmos com implementações em Pascal e C. Cengage Learning, 2011.  ";6
Matemática Discreta;DCC216; Comportamento assintótico de funções. Elementos fundamentais da análise combinatória. Relações. Grafos. ;sim;não;Matemática Discreta e Suas Aplicações. Kenneth H. Rosen. 6a Edição. How to Prove It: A Structured Approach. Daniel J. Velleman. 2nd Edition. Cambridge. University Press.  ;7
Geometria Analítica e Álgebra Linear;MAT038; Álgebra vetorial. Retas e planos. Matrizes, sistemas lineares e determinantes. Espaço vetorial Rn. Autovalores e autovetores de matrizes. Diagonalização de matrizes simétricas. ;sim;não;KOLMAN, B. – Álgebra Linear - Ed. Guanabara, 1987. NATHAN, M.S. – Vetores e Matrizes - Livros Técnicos e Científicos S/A, 1988. LIPSCHUTZ, S. - Álgebra Linear - Ed. McGraw-Hill, 1971. BOLDRINI, J.L., COSTA, S.I.R., RIBEIRO, V.L.F.F. e WETZLER, H.G. - Álgebra Linear - Ed. Harbra, 1980. ANTON, H. Álgebra Linear - Ed. Campus, 3ª. Edição  ;8
Cálculo de Várias Variáveis;MAT042; Série e fórmula de Taylor (Série e convergências, Teste de razão, Séries e polinômio de Taylor). Funções de várias variáveis (Funções de Rn em R, Curvas e superfície de nível, Limite e continuidade, Derivadas parciais, Diferencial e plano tangente, Regra de cadeia, Máximos e mínimos, Problemas de máximos e mínimos). Integração de função de duas ou mais variáveis (Definições, Cálculo por meio de integrais repetidas, Propriedades das integrais duplas e triplas, Mudança de variáveis na integração: coordenadas polares, cilíndricas e esféricas, Aplicações das integrais duplas e triplas). ;sim;não;PENNEY,E. D., EDWARDS, JR.C.H. - Cálculo com Geometria Analítica - Ed. Prentice-Hall do Brasil - Volumes 2 e 3.  SIMMONS, G. F. - Cálculo com Geometria Analítica - McGraw-Hill, SP, volume 02  LEITHOLD, L. - Cálculo com Geometria Analítica - Harbra, SP, volume 02  GUIDORIZZI, H - Um Curso de Cálculo, LTC - Volume 02  BOULOS, P. / OLIVEIRA, I. C. - Geometria Analítica (um tratamento vetorial) - McGraw-Hill - SP.  ÁVILA, G. S. S. - Cálculo, Volume 02 - LTC  APOSTOL, T. M. - Cálculo. Ed. Reverté Ltda. Volume 1 e 2  SWOKOWSKI, E. W. - Cálculo com Geometria Analítica - Ed. McGraw-Hill Ltda. - SP - Volume 2.  ;9
Estatística Básica;ESTXXX (À Definir); Conceitos elementares de probabilidade. Probabilidade condicional. Teorema de Bayes. Variável aleatória: Definição. Esperança e variância. Principais distribuições discretas e contínuas. Introdução à inferência estatística. Teorema Central do Limite. Estimação de parâmetros. Intervalos de Confiança. Testes de Hipóteses para a média.  Tabelas de contingência. ;sim;não;Magalhães M. N., Lima, A. C. P., Noções de Probabilidade e Estatística, 6a Ed. Ed. USP, 2004. Bhattacharyya, G. K., Johnson, R. A., Statical Concepts and Methods, New York: John Wiley, 1977. Triola, M. F. Introduçã ‘a Estatística, 9a Edição, Ed. LTC, 2005.  3o  Período  ;10
Estruturas de Dados;DCC205; Análise de algoritmos. Abstração de dados. Introdução às técnicas de análise de algoritmos. Estruturas de dados estáticas e dinâmicas na memória principal e secundária. Estruturas de dados para realização eficiente de operações sobre dados. ;sim;não;T. H. Cormen, C. E. Leiserson, R. L. Rivest e C. Stein. Algoritmos: teoria e prática. Editora Campus, 2002. T. H. Cormen, C. E. Leiserson, R. L. Rivest e C. Stein. Introduction to Algorithms. MIT Press, Third Edition, 2009. Steven S. Skiena. The algorithm design manual: Text. Vol. 1. Springer Science & Business Media, 1998. Jayme L. Szwarcfiter e Lilian Markenzon. Estruturas de Dados e seus Algoritmos, 3a edição, Editora LTC, 2014. Nívio Ziviani. Projeto de Algoritmos com implementações em Pascal e C. Cengage Learning, 2011. ;11
Introdução a Bancos de Dados;DCC011; Conceitos básicos de armazenamento e recuperação de dados. Modelagens conceitual e lógica. Linguagens de consulta e manipulação de dados. Projeto de bancos de dados. Tópicos avançados. ;sim;não;"Elmasri, R.; Navathe, S. B. Sistemas de Banco de Dados. 7ª. ed. Pearson, 2019. Outras edições podem ser usadas, inclusive edições em inglês. Student resources (em inglês)   ";12
Álgebra Linear Computacional;DCC639; Eliminação Gaussiana. Decomposição LU. Decomposição espectral. Decomposição SVD. Condicionamento. Decomposição QR. Tópicos em análise numérica. ;sim;não;Trefethen, L. N. & Bau III, D. Numerical Linear Algebra. Vol. 50. SIAM, 1997 Strang, Gilbert. Linear Algebra and Learning from Data. Wellesley-Cambridge Press, 2019.  ;13
Introdução à Economia;ECN140; Apresentar uma noção do funcionamento de uma economia moderna capitalista do ponto de vista global, incluindo as relações externas e destacando as dificuldades estruturais que uma economia subdesenvolvida enfrenta. ;sim;não;MANKIW, N.G. Introdução à Economia. 6ª Edição. São Paulo: Cengage, 2013. ROSSETTI, J. P. Introdução à Economia. São Paulo: Atlas, 2007. VASCONCELLOS, M. A. S. (2006) Economia – Micro e Macro. São Paulo: Atlas, 4ª edição. VICECONTI, P. E. V. & NEVES, S. (2009) Introdução à Economia. São Paulo: Frase Editora.  ;14
Probabilidade;ESTXXX (À Definir); Espaço de probabilidade, definição de probabilidade. Axiomas de Kolmogorov. Continuidade da probabilidade. Probabilidade condicional. Teorema da multiplicação. Teorema da probabilidade total. Fórmula de Bayes. Independência de eventos. Variáveis aleatórias. Função de distribuição, definição, propriedades. Distribuição da função de uma variável aleatória. Vetores aleatórios. Função de distribuição conjunta, função de densidade conjunta. Distribuições marginais. Independência de variáveis. ;sim;não;Ross, S., Probabilidade: Um curso moderno com aplicações. Oitava edição. Bookman, 2010. Grimmett, G. and Welsh, D. Probability: an introduction. Second edition. Clarendon Press Oxford, 2014. Ash, R. Basic Probability, Dover, 2008. Brémaud P. An introduction to Probabilistic Modeling. Springer, 1988. Cacoullos, T. Exercises in Probability. Springer, 1989. Feller W. An Introduction to Probability Theory and Its Applications. Vol I, third edition, John Wiley, 1968.  4o  Período  ;15
Algoritmos I;DCC206; Algoritmos para manipulação de sequências. Grafos: representação e algoritmos para percurso e resolução de problemas simples. Provas de corretude de algoritmos. ;sim;não;T. H. Cormen, C. E. Leiserson, R. L. Rivest e C. Stein. Algoritmos: teoria e prática. Editora Campus, 2002. T. H. Cormen, C. E. Leiserson, R. L. Rivest e C. Stein. Introduction to Algorithms. MIT Press, Third Edition, 2009. P. J. de Rezende e J. Stolfi. Fundamentos de geometria computacional. IX Escola de Computação, Universidade Federal de Pernambuco. Departamento de Informatica, 1994. Jayme L. Szwarcfiter. Grafos e Algoritmos Computacionais Editora Campus, 1984. Nívio Ziviani. Projeto de Algoritmos com implementações em Pascal e C. Cengage Learning, 2011. ;16
Interação Humano Computador;DCC194; A área de IHC no Brasil e no mundo, estilos de interação, qualidades de uso. Processo de design na perspectiva de IHC. Métodos de coleta de dados dos usuários. Bases teóricas da área de IHC. Métodos de avaliação de base empírica e de base teórica. Modelos de projeto de interação. ;sim;não;"BARBOSA, S. D. J., SILVA, B. S.; SILVEIRA, M.S.; GASPARINI, I.; Darin, T.; BARBOSA, G.D.J. (2021) Interação Humano-Computador e Experiência do Usuário. ISBN: 978-65-00-19677-1. Autopublicação em http://leanpub.com/ihc-ux* <http://leanpub.com/ihc-ux>. BARBOSA, S. D. J., SILVA, B. S., *Interação Humano-Computador*, Editora Campus-Elsevier, 2010. PREECE, J., ROGERS, Y., SHARP, H., *Interaction Design*, 5a. edição, Porto Alegre, Bookman, 2019. ";17
Introdução à Ciência de Dados;BCDXXX (À Definir);" (1) Ciclo de Vida de Dados: Dados na Forma de Tabelas e Matrizes; Limpeza e Preparação de Dados. (2) Modelagem Descritiva: Método Científico. Testes de Permutação e Bootstrap; Noções de Causalidade. (3) Modelagem Preditiva: Funções de Perda e Estimação para Aprendizagem de Máquina: Métodos Simples de Classificação e Regressão; Overfitting, Underfitting e Validação Cruzada. Atividade integraliza extensão. ";sim;sim;Learning Data Science. Sam Lau, Joey Gonzalez, and Deb Nolan. (https://learningds.org/) Open Intro Modern Statistics. Mine Çetinkaya-Rundel, and Johanna Hardin. (https://www.openintro.org/book/ims/)   ;18
Inferência Clássica;ESTXXX (À Definir); Modelo Estatístico. Amostra Aleatória. Distribuições Amostrais. Estimação Pontual Paramétrica. Estimadores, propriedades. Estatísticas suficientes, completas e ancilares. Métodos de Estimação: Método dos momentos. Método de máxima verosimilhança. Propriedades de regularidade de Fisher. Métodos de avaliação de estimadores. Princípio de invariância. Distribuição dos Estimadores. Propriedades Assintóticas dos Estimadores de Máxima Verossimilhança. Estimação Intervalar Paramétrica. Quantidade pivotal. Aproximações. Teoria da decisão. Definições e propriedades. Testes de hipóteses: Definições básicas. Formulação de Neyman-Pearson. Teste da razão de verossimilhança. Testes uniformemente mais poderosos. Testes usuais sobre os parâmetros da distribuição normal. ;sim;não;Bolfarine, H. e Sandoval, M. Introduçãao à Inferência Estatística. Coleção Matemática. Aplicada, Sociedade Brasileira de Matem ́atica, 2001. Mood, A., Graybill, F. e Boes, D. Introduction to the Theory of Statistics. Third edition. MacGraw Hill, 1974. Hoog, R., Craig, A. McKean, J. Introduction to Mathematical Statistics. Sixth edition. Pearson Education International, 2005. Bickel, P. e Docksum K. Mathematical statistics: Basic Ideas and Selected Topics, Vol I. CRC Press, 2015. Casella G. e Berger, R. Inferência Estatística. Segunda ediçãao. Cengage Learnig, 2014.    ;19
Análise de Regressão;EST035;" Regressão linear simples e múltipla. Afastamento das suposições básicas: diagnóstico e medidas corretivas. Diagnósticos de pontos influentes e de ""outliers"". Modelos polinomiais. Variáveis indicadoras. Seleção de variáveis e construção de modelos. Multicolinearidade. Validação de modelo. ";sim;não;Julian J. Faraway - Linear Models with R, Chapman & Hall/CRC Texts in Statistical Science, 2004 D. C. Montgomery, E. A. Peck, G. G. Vining, (to Linear Regression Analysis, 4th ed., Hoboken: John Wiley, 2006. M. H. Kutner, C. J  5o  Período  ;20
Fundamentos de Arquitetura de Computadores;DCCXXX (À Definir); Noções do funcionamento de arquitetura de computadores, como processadores e cache em memória, além de software básico. ;sim;não;"Patterson, David A., and John L. Hennessy. ""Computer Organization and Design RISC-V Edition: The Hardware Software Interface (The Morgan Kaufmann."" 696. Hennessy, John L., and David A. Patterson. Organização e projeto de computadores: a interface hardware/software. 5a edição, LTC, 2017.  ";21
Engenharia de Software;DCC603; Métodos, técnicas e padrões da Engenharia de Software. Processos de software. Especificação e modelagem de software. Construção, verificação e qualidade de software. ;sim;não;Ian Sommerville. Engenharia de Software, 9a. Edição. Pearson, 2011. Grady Booch, James Rumbaugh, Ivar Jacobson. UML, Guia do Usuário, 2a Edição. Editora Campus, 2006. Engenharia de Software Moderna (https://engsoftmoderna.info/)  ;22
Introdução à Inteligência Artificial;DCC642;" Introdução: IA, Agentes Inteligentes; Representação e Solução de Problemas através de Busca em Espaço de Estados; Representação do Conhecimento, Raciocínio Probabilístico, Aprendizado de Máquina, Aplicações de Inteligência Artificial ";sim;não;Artificial Intelligence – A Modern Approach. Stuart Russell and Peter Norvig, 4th Edition, Prentice Hall, 2020  ;23
Mineração de Dados;BCDXXX (À Definir);" Processo de Descoberta de Conhecimento em Bancos de Dados. Conceitos básicos; Diferentes modelos de classificação, clusterização e regressão; Aspectos de implementação; Domínios de Aplicação. Implementação de algoritmos de descoberta e aprendizagem de máquina. Atividade integraliza extensão. ";sim;sim;Mohammed J. Zaki, Wagner Meira, Jr., Data Mining and Machine Learning: Fundamental Concepts and Algorithms, 2nd Edition, Cambridge University Press, March 2020. ISBN: 978-1108473989.  ;24
Inferência Estatística com Abordagem Bayesiana;EST088; Introdução geral e elementos de Inferência Estatística. Paradigma Bayesiano. Distribuições a priori. Modelos Uni-paramétricos. Modelos Multi-paramétricos. Inferência. Métodos computacionais. ;sim;não;Statistical Inference: An Integrated Approach - H. S. Migon e D. Gamerman, F. Louzada Bayesian Statistics: An introduction, P. M. Lee, 3a ed. Estatistica Bayesiana. M. A. Turkeman, Bento Murteira, C.D. Paulino. Markov Chain Monte Carlo in Pratice. W. R. Gilks, S. Richardson, D.J. Spiegelhalter Pacotes: Winbugs e Jags  ;25
Modelos Lineares Generalizados;EST079; Família exponencial. Ajuste pelo método de Newton Raphson. Inferência. Seleção de Variáveis e Análise de resíduos. Regressão Logística, análise de sensibilidade e especificidade, curva ROC. Regressão de Poisson, modelos com OFFSET, análise de dados demográficos. Regressão Gama. ;sim;não;Fundamentos de Sistemas Operacionais, Oitava edição, Silberschatz, Galvin e Gagne, Ed. LTC.(Livro principal). Operating Systems: Three Easy Pieces – OSTEP . Remzi H. Arpaci-Dusseau and Andrea C. Arpaci-Dusseau. Version 1.00 -- ou mais recente se houver. Apenas em inglês. Distributed Systems, van Steen e Tanenbaum (v3.0 disponível no site dos autores) Computer Networks: A Systems Approach (v6, disponível em book.systemsapproach.org) ;26
Fundamentos de Sistemas Computacionais;DCCXXX (À Definir); Noções do funcionamento de sistemas operacionais, redes e sistemas distribuídos. ;sim;não;The Elements of Statistical Learning: Data Mining, Inference, and Prediction. Second Edition. Trevor Hastie. Robert Tibshirani. Jerome Friedman Ian Goodfellow and Yoshua Bengio and Aaron Courville. Deep Learning Dive into Deep Learning. https://d2l.ai/ Machine Learning: a Probabilistic Perspective. by Kevin Patrick Murphy. MIT Press, 2022. Data Classification: Algorithms and Applications (CRC Press), Ed. Charu Aggarwal, June 2014. -- Comprehensive survey driven book on data classification with chapters contributed by prominent researchers in the field. Mining of Massive Datasets Jure Leskovec, Anand Rajaraman, Jeff Ullman Kevin Murphy. Probabilistic Machine Learning  ;27
Ciência de Dados e Sociedade;BCDXXX (À Definir); Reflexão do curso de graduação. Inserção do profissional no mercado. Legislação trabalhista. Visão crítica dos impactos sociais e ambientais da tecnologia de ciência de dados na sociedade. Direitos humanos, legislação ambiental e educação para as relações étnico raciais. ;sim;não;MINGOTI, S. A. Análise de Dados Através de Métodos de Estatística Multivariada: Uma Abordagem Aplicada, Belo Horizonte: Editora UFMG, 2005. JOHNSON, R. A., WICHERN, D. W. Applied Multivariate Statistical Analysis.New Jersey: Prentice Hall, Inc, 2002. HAIR, JR., J. F., ANDERSON, R. E., TATHAM, R. L., BLACK, W. Análise Multivariada de Dados. São Paulo:Editora Bookman, 2005. DILLON, W. R. , Goldstein, M. Multivariate Analysis Methods and Application. New York: John Wiley,1984. JOBSON, J. D. Applied Multivariate Data Analysis. vol I. e II, New York: Springer Verlag, 1996. JONHSON, D. E. Applied Multivariate Methods for Data Analysis. New York: Duxbury Press, 1998. MALHOTRA, N. K. Marketing Research: An Applied Orientation. New Jersey: Prentice Hall, 2001. CORRAR, L.J., PAULO, E., FILHO. J. M. D. An ́alise Multivariada. S ̃ao Paulo: Editora Atlas, 2007. NETEMEYER, R. G., BEARDEN, W. O., SHARMA, S. Scaling Procedures: Issues and Applications. London: Sage Publications, 2003. PEREIRA, J. C. R. Análise de Dados Qualitativos. São Paulo: Edusp, 1999.  ;28
Ética e Ciência de Dados;BCDXXX (À Definir); Códigos de Ética Vigentes. Ética em Pesquisa e no Trabalho. Direitos do Cidadão. Responsabilidades e Direitos do Profissional de Ciência de Dados. Vigilância e Crimes com Dados. ;sim;não;"P. Sprent, N. C. Smeeton - Applied Nonparametric Statistical Methods. New York: Chapman Hall, 4th ed., 2007. L. Wasserman - All of Nonparametric Statistics. New York: Springer, 2006. M. Hollander, D. A. Wolfe, E. Chicken - Nonparametric Statistical Methods. John Wiley & Sons; 3rd ed. edição, 2013 D. Ruppert, M. P. Wand, R.J., Carrol - Semiparametric Regression. Cambridge: Cambridge University Press, 2003.  7o  Período  ";29
Aprendizado de Máquina Supervisionado;BCDXXX (À Definir); Análise matemática e estatística de diferentes modelos de aprendizado de máquina. Regressões Regularizadas Ridge e Lasso, Análise Linear de Discriminantes, Máquinas Vetores de Suporte, Florestas Aleatórias, Truques de Kernel, Ensembles de Métodos, Redes Neurais e Redes Neurais Profundas. Uso e implementação das técnicas. Atividade integraliza extensão. ;sim;sim;Introduction to Information Retrieval, by C. Manning, P. Raghavan, and H. Schütze. Cambridge University Press, 2008. Search Engines: Information Retrieval in Practice, by B. Croft, D. Metzler, and T. Strohman. Pearson, 2009. Modern Information Retrieval, by R. Baeza-Yates and B. Ribeiro-Neto. Addison-Wesley Professional, 2011. Information Retrieval: Implementing and Evaluating Search Engines, by S. Büttcher, C. Clarke, and G. Cormack. MIT Press, 2016. Text Data Management: A Practical Introduction to Information Retrieval and Text Mining, by C. Zhai and S. Massung. Morgan & Claypool, 2016. Foundations and Trends in Information Retrieval, by several authors. Synthesis Lectures on Information Concepts, Retrieval, and Services, by several authors   ;30
Estatística Multivariada;EST011; Vetores aleatórios. Distribuição normal multivariada. Análise dos componentes principais. Análise fatorial. Classificação, discriminação e análise de variância. Formação de conglomerados. ;sim;não;Data Clustering: Algorithms and Applications (CRC Press), Ed. Charu Aggarwal, Chandan Reddy, 2014 Ian Goodfellow and Yoshua Bengio and Aaron Courville. Deep Learning Dive into Deep Learning. https://d2l.ai/ Mining of Massive Datasets Jure Leskovec, Anand Rajaraman, Jeff Ullman Kevin Murphy. Probabilistic Machine Learning   ;31
Estatística Não Paramétrica;EST080; Métodos de reamostragem: Jackknife e Bootstrap. Comparação de 2 ou mais tratamentos - amostras independentes. Comparação de 2 tratamentos - amostras emparelhadas. Blocos aleatorizados completos e incompletos. Testes de coeficientes de concordância Kendall e Kappa. Testes de aderência. Testes para comparação de dispersão ou medidas de escala. Introdução à regressão linear não-paramétrica. ;sim;não;Colosimo, E. A., Giolo, S. R., Análisede sobrevivência aplicada. Edgard Blucher, 2006. Klein, J. P., Moeschberger, M. L., Survival Analysis: Techniques for Censoredand Truncated Data (Statistics for Biology and Health). Springer, 2005. Lawless, J. F., Statistical Models and methods for lifetime data. Willey, 2003. Moore, D. F., Applied Survival Analysis Using R. Springer, 2016. Collet, D., Modeling survival data in medical research. Chapman & Hall,2003. Carvalho, M., Lima Andreozzi, V. L., Codeço, C. T., Campos, D. P., Maria Barbosa, T. S., Shimakura, S. E., Análise de Sobrevivência: Teoria e Aplicações em Saúde. Editora Fiocruz, 2ª Edição, 2011. Wienke, A., Frailty Models in Survival Analysis. Chapman & Hall, 2011. Maller, R., Zhou, X., Survival analysis with long-term survivors. Willey, 1996.  ;32
Recuperação de Informação;DCCXXX (À Definir); Técnicas básicas e avançadas para a construção de sistemas de recuperação de informação textual. Ao final do curso, o aluno deverá conhecer em profundidade os principais componentes de uma máquina de busca para documentos Web, a saber: coletor, indexador e processador de consultas. ;sim;não;R. H. Shumway, D. S. Stoffer - Time Series Analysis and its Applications: with R examples, New York: Springer, 2006. B. L. Bowerman, R. T. O’Connell - Forecasting and Time Series: an applied approach, 3rd. ed., Wadsworth, Inc, 1993 W. A. Woodward, B. P. Sadler, S. Robertson - Time Series for Data Science: Analysis and Forecasting. Chapman & Hall/CRC Texts in Statistical Science, 2022.   ;33
Aprendizado de Máquina Não Supervisionado;BCDXXX (À Definir); Detecção de Anomalias e Algoritmos de Agrupamento. Modelos de fatoração de matrizes. Embeddings, manifolds e decomposição de tensores. Uso e implementação dos métodos. Atividade integraliza extensão. ;sim;sim;- Hélio Pedrini, William Schwartz. Análise de Imagens Digitais: Princípios, Algoritmos e Aplicações. Thomson Learning, 2007. - Jan Erik Solem. Programming Computer Vision with Python, O'Reilly, 2012. - Gary Bradski, Adrian Kaehler. Learning OpenCV - Computer Vision with the OpenCV Library. O'Reilly, 2008 - Richard Szeliski. Computer Vision: Algorithms and Applications. Springer, 2011. - Forsyth, David A., and Jean Ponce. Computer vision: a modern approach 2nd Edition. Prentice Hall professional technical reference, 2002. - Davies, E. Roy. Computer and machine vision: theory, algorithms, practicalities. Academic Press, 2012. - Neural Network Design. 2nd edition. Martin T. Hagan, Howard B. Demuth, Mark Hudson Beale, Orlando De Jesús - Deep Learning with Python. François Chollet, 2018 - Artigos tratando dos problemas relacionados às áreas de Visão Computacional.  8o e 9o Período  ;34
Análise de Sobrevivência;EST090; Tempos de falha e censura, estimação da função de sobrevivência, comparação de curvas de sobrevivência, modelos paramétricos, método de máxima verossimilhança, modelo de Cox, método de máxima verossimilhança parcial,  verificando a adequação de modelos, extensões do modelo de Cox, modelos de predição. ;sim;não;T. H. Cormen, C. E. Leiserson, R. L. Rivest e C. Stein. Algoritmos: teoria e prática. Editora Campus, 2002. T. H. Cormen, C. E. Leiserson, R. L. Rivest e C. Stein. Introduction to Algorithms. MIT Press, Third Edition, 2009. M. R. Garey, D. S. Johnson.  Computers and Intractability: A Guide to the Theory of NP-Completeness. W. H. Freeman and Company, 1979. Jon Kleinberg e Eva Tardos. Algorithm design. Pearson Education, 2006. Udi Manber. Introduction to algorithms: a creative approach. Addison-Wesley, 1989.  ;35
Métodos Estatísticos de Previsão;EST038;" Processos estocásticos: estacionários; Auto-regressivos (AR). Processos Média Móvel (MA). Processos Mistos (ARMA) e Processos Integrados ARIMA. Abordagens de Box Jenkins. Apresentação e discussão dos programas computacionais sobre Séries Temporais disponíveis na UFMG. Modelos Sazonais. Introdução a outros métodos de Previsão. Método de Holt-Winters. ";sim;não;KIMBALL, R., ROSS, M., The Data Warehouse Toolkit, 2nd ed., Wiley Computer Publishing, New York, 2002. KIMBALL, R., REEVES, L., ROSS, M., THORNTHWAITE, W., The Data Warehouse Lifecycle Toolkit, 1st ed., Wiley Computer Publishing, New York, 1998. BARBIERI, C., BI-Business Intelligence: Modelagem e Tecnologia, Axcel Books, 2001.  ;36
Computação Visual;DCCXXX (À Definir);" Introdução: processo de formação de imagens e fundamentos de processamento de imagens; tratamento de imagens digitais, tais como atenuação de ruídos, transformação de domínio espacial para o domínio de frequência, realce de imagens e compressão de imagens; aplicações. Extração de Características: Técnicas de extração de características em imagens bidimensionais, tridimensionais e temporais; taxonomia e avaliação de descritores de características; fusão de descritores; detecção de pontos de interesse e redução de dimensionalidade dos dados; Classificação em Imagens: princípios e metodologias de treinamento de máquina para detecção e classificação de objetos; agrupamento de classes; técnicas de recuperação de conteúdo; métricas de avaliação; redes neurais/aprendizado profundo; detecção de objetos. ";sim;não;CASANOVA, M. A., C MARA, G., DAVIS JR., C. A., VINHAS, L., QUEIROZ, G. R. (Eds.), Bancos de Dados Geográficos, Ed. MundoGeo, Curitiba (PR), 2005. RIGAUX, P., SCHOLL, M. O., VOISARD, A., Spatial Databases: with Applications to GIS, Morgan Kaufmann, 2001. SHEKHAR, S., Spatial Databases: a Tour, Prentice Hall, 2003. BEINAT, E., GODFRIND, A., KOTHURI, R. V., Pro Oracle Spatial, Apress, 2004.  ;37
Monografia I;BCDXXX (À Definir); Desenvolvimento de um trabalho sob orientação de um professor. Produção de uma monografia sobre o trabalho. ;sim;não;SETÚBAL, J., MEIDANIS, J., Introduction to Computational Molecular Biology, PWS Publishing Co., 1977. GUSFIELD, D., Algorithms on Strings, Trees and Sequences: Computer Science and Computational Biology, 1997 FLOUDAS, C. A., PARDALOS, P. M., Optimization in Computational Chemistry and Molecular Biology, Kluwer Academmic Publishers, 2000.  ;38
Monografia II;BCDXXX (À Definir); Desenvolvimento de um trabalho sob orientação de um professor. Produção de uma monografia sobre o trabalho. ;sim;não;Kevin Murphy. Machine Learning: A Probabilistic Perspective MIT Press. Volumes 1, 2 and 3. James, Witten, Hastie and Tibshirani.  An Introduction to Statistical Learning. Springer  ;39
Algoritmos II;DCC207; Algoritmos para manipulação de sequências. Teoria de NP-completude e técnicas de solução exata e aproximada de problemas NP-difíceis. Algoritmos para dados geométricos. ;não;não;Kevin Murphy. Machine Learning: A Probabilistic Perspective MIT Press. Volumes 1, 2 and 3. James, Witten, Hastie and Tibshirani.  An Introduction to Statistical Learning. Springer  ;40
Armazéns de Dados;DCC189; Conceitos básicos de sistemas de suporte à decisão e data warehouse. Arquitetura de ambientes de dw. Principais componentes de soluções. Modelagem dimensional. Estudos de caso. Ferramentas e aplicações olap. Tendências. ;não;não;Introdução à Teoria da Computação (2a Edição). Michael Sipser - Cengage Learning (2015)  ;41
Bancos de Dados Geográficos;DCCxxx; Geoinformática: conceitos, tecnologias, sistemas de informação geográficos. Bancos de dados geográficos: representação e apresentação, relacionamentos espaciais e topologia, projeto conceitual, lógico e físico, restrições de integridade espaciais. Tecnologia de bancos de dados geográficos. Tópicos avançados e aplicados. ;não;não;- Talbi, Metaheuristics: from Design to Implementation, 2009 - Aarts e Lenstra, Local Search in Combinatorial Optimization, 2003 - Hoos e Stützle, Stochastic Local Search: Foundations and Applications, 2004 - Cormen et al., Introduction to Algorithms, 3th Edition, 2012.  ;42
Bioinformática;DCCxxx; Fundamentos de biologia molecular computacional e algoritmos clássicos e modernos em Bioinformática. ;não;não;CRAIG, J. J., Introduction to Robotics – Mechanics and Control, Addison Wesley Publishing Company Inc., 2nd. Edition, 1989. JONES, J. L., FLYNN, A. M., Mobile Robots – Inspiration do Implementation, A. K. Peters Ltd., 1993. MARTIN, F. G., Robotic Explorations: An Introduction to Engineering Through Design, Prentice Hall.  ;43
Cibersegurança;DCCxxx; Princípios de segurança da informação, Cibersegurança, vulnerabilidades, Common Vulnerability Scoring System ;não;não;The Art of Computer Systems Performance Analysis. Raj Jain. Wiley Computer Publishing, John Wiley & Sons, Inc.  ;44
Fundamentos Estatísticos de Ciência dos Dados A;DCCxxx;" Revisão de Probabilidade: Regra de Bayes. Principais distribuições de probabilidade; Distribuições conjuntas e condicionais. Momentos e desigualdades. Convergência de variáveis aleatórias; Boostrap, Jackknife e teste de Kolmogorov. Revisão de álgebra de matrizes. Normal multivariada. Métrica para medir distância entre distribuições de probabilidade: entropia, Kullback-Leibler e Kolmogorov Modelos probabilísticos com a normal multivariada: PCA e análise fatorial. Seleção de modelos: entropia, critério de informação de Akaike (AIC) e minimum description length (MDL). Modelos de mistura: análise de clusters. ";não;não;Computer Networks: A Systems Approach (v6, disponível em book.systemsapproach.org)  ;45
Fundamentos Estatísticos de Ciência dos Dados B;DCCxxx;" Bootstrap e jackknife; Modelos de regressão linear; Modelo de regressão linear generalizada (GLM); Princípios de Inferência e aprendizagem estatística; Método de máxima verossimilhança; Modelos de mistura; Algoritmo EM; Intervalos de confiança; Testes de hipóteses; Modelo aditivo generalizado (GAM); Seleção de modelos. ";não;não;"Patterson, David A., and John L. Hennessy. ""Computer Organization and Design RISC-V Edition: The Hardware Software Interface (The Morgan Kaufmann."" 696. Hennessy, John L., and David A. Patterson. Organização e projeto de computadores: a interface hardware/software. 5a edição, LTC, 2017.    ";46
Fundamentos da Teoria da Computação;DCC129; Estudo dos fundamentos matemáticos da computação. Funções recursivas. Enumerabilidade. Sistemas de produção de Post. Modelos abstratos de máquinas programáveis. ;não;não;Ian Sommerville. Engenharia de Software, 9a. Edição. Pearson, 2011. Grady Booch, James Rumbaugh, Ivar Jacobson. UML, Guia do Usuário, 2a Edição. Editora Campus, 2006. Engenharia de Software Moderna (https://engsoftmoderna.info/)  ;47
Gestão de Equipes;DCCxxx; Nível de consciência das organizações. Identidade Organizacional. Propósitos individuais e compartilhados. Complexidade e pensamento sistêmico. Modelos de gestão (algumas práticas sociocráticas). Processos de tomada de decisão. Diversidade. ;não;não;BARABÁSI, A, Linked: How Everything is Connected to Everything Else and What is Means, Plume Publishing, 2003. WATTS, D., Six Degrees: The Science of a Connected Age, W. W. Norton & Company, Feb. 2004. PASTOR-SATORRAS, R, VESPIGNANI, A., Evolution and Structure of the Internet: A Statistical Physics Approach, Cambridge University Press. BORNHOLDT, S. (Editor), SCHUSTER, H. G. (Editor), Handbook of Graphs and Networks: From the Genome to the Internet, Wiley, Feb. 2003.  ;48
Heurísticas e Metaheurísticas;DCC215; Fundamentos e técnicas avançadas para a construção e avaliação de heurísticas eficientes para problemas de otimização combinatória, especialmente as metaheurísticas. Ao final, espera-se que o(a) aluno(a) seja capaz de desenvolver uma pesquisa científica de alto nível na área de heurísticas para problemas de otimização combinatória. ;não;não;CRAIG, J. J., Introduction to Robotics – Mechanics and Control, Addison Wesley Publishing Company Inc., 2nd. Edition, 1989. JONES, J. L., FLYNN, A. M., Mobile Robots – Inspiration do Implementation, A. K. Peters Ltd., 1993. MARTIN, F. G., Robotic Explorations: An Introduction to Engineering Through Design, Prentice Hall.  ;49
Introdução à Robótica;DCC041; Introdução. Aplicações típicas. Robôs em automação. Descrições e transformações: referenciais fixos e móveis e transformações afins. Cinemática direta. Cinemática inversa. Geração de trajetória. Linguagens de controle e programação off-line. Modalidades sensoriais básicas. Aplicações. ;não;não;"Faria, C. L. ; Prates, R. O. . A Aplicação de Métodos Qualitativos em Computação. In: Flávia C. Delicato , Paulo F. Pires , Ismar Frango Silveira. (Org.). Jornadas de Atualização em Informática 2017. 1ed.Porto Alegre: SBC, 2017, v. 1, p. 1-261. (Acesso eletrônico)  ";50
Métodos Quantitativos de Pesquisa Experimental em Ciência da Computação;DCC195; Tratamento de dados experimentais: medição, sumarização estatística, apresentação e interpretação de dados experimentais. Carga de trabalho worloads: caracterização e análise. Métricas apropriadas para as questões buscadas pela pesquisa em ciência da computação experimental. Projeto experimental efetivo. ;não;não;Computer Networks: A Systems Approach (v6, disponível em book.systemsapproach.org)  ;51
Sistemas Operacionais;DCC605; Conceitos, estruturas e mecanismos usados no projeto e construção de sistemas operacionais. ;não;não;Ian Sommerville. Engenharia de Software, 9a. Edição. Pearson, 2011. Grady Booch, James Rumbaugh, Ivar Jacobson. UML, Guia do Usuário, 2a Edição. Editora Campus, 2006. Engenharia de Software Moderna (https://engsoftmoderna.info/)  ;52
Redes de Computadores;DCC023;" Conceitos de sistemas distribuídos, redes de computadores, protocolos e serviços de comunicação. Arquitetura de redes de computadores. Camadas inferiores do modelo de referência de ISO: física, enlace e redes. Redes locais. Interligação de redes; especificação de protocolos. ";não;não;Information Theory, Inference, and Learning Algorithms David J. C. MacKay Cambridge University Press (2003) Elements of Information Theory. Thomas M. Cover, Joy A. Thomas Wiley-Interscience, 2nd Edition  ;53
Organização de Computadores I;DCC006; Introdução à Microeletrônica. Circuitos combinatórios e sequenciais. Memórias. Entrada e saída. Introdução aos microprocessadores. ;não;não;Mário S. Alvim , Konstantinos Chatzikokolakis , Annabelle McIver , Carroll Morgan , Catuscia Palamidessi , Geoffrey Smith. The Science of Quantitative Information Flow. Springer Press.  ;54
Organização de Computadores II;DCC007; Microprocessadores avançados. Barramentos. Sistemas de memória entrada-e-saída. Arquiteturas avançadas. ;não;não;DIETMAR JANNACH, MARKUS ZANKER, ALEXANDER FELFERNING, GERHARD FRIEDRICH, Recommender Systems: An Introduction, Cambridge University Press, 2010. FRANCESCO RICCI, LIOR ROKACH, BRACHA SHAPIRA, PAUL B. KANTOR, Recommender Systems Handbook, Springer-Verlag, 2010.  ;55
Programação Competitiva;DCCxxx; Revisão de conceitos de programação e algoritmos. Familiarização com ambientes de treinamento de competições de programação. Tópicos algorítmicos avançados em teoria dos números, grafos, estruturas de dados, programação dinâmica e geometria computacional. ;não;não;Hearn and Baker – Computer Graphics with OpenGL, 3rd Edition Foley, van Dam. Feiner and Hughes – Computer Graphics: Principles and Practice, 2nd Edition in C  ;56
Prática de Desenvolvimento de Software;DCCxxx; Projeto de um sistema de software real. Métodos e Práticas Ágeis de desenvolvimento de Software. Revisão de Código. Integração Contínua. Processos e tecnologias emergentes de desenvolvimento de software. ;não;não;Marco Goldbarg e Henrique Luna. Otimização Combinatória e Programação Linear, 2a. Edição, Editora Campus, 2005. Nelson Maculan, Márcia Fampa. Otimização Linear, Universidade Federal do Rio de Janeiro, 2004. Christos H. Papadimitriou e Kenneth Steiglitz. Combinatorial Optimization: Algorithms and Complexity, Dover Publications, 1998. Vasek Chvátal, Linear Programming. Freeman, 1980. Dimitris Bertsimas e John N. Tsisiklis. Introduction to Linear Optimization, Athena Scientific, 1997. Robert J. Vanderbei, Linear Programming: Foundations and Extensions, 5a Edição, Springer, 2020. Richard Kipp Martin, Large Scale Linear and Integer Optimization: A Unified Approach. Kluwer Academic Publishers, 1999. Laurence Wolsey. Integer Programming. Wiley Interscience, 1a. Edição, 1998.  ;57
Redes Complexas;DCCxxx;" Estudo da Teoria das Redes Complexas: conceitos; representações; modelos estáticos e dinâmicos; aplicações gerais; aplicações a sistemas tecnológicos. ";não;não;AHO, A. V., LAM MONIC S., SETHI, R., ULLMAN AND JEFFREY D., Compilers Principles, Techniques & Tools, Pearson Addison Wesley, New York, 2007, 2a. edição.  ;58
Robótica Móvel;DCC042; Locação. Navegação. Planejamento. Missão. Reconhecimento. Cinemática e dinâmica de robôs móveis. Controle. Arquiteturas. Sensores. Gerenciamento de energia. Projeto de mecanismos. Elementos de geometria computacional. Visão computacional. Telerobótica. Aplicações. ;não;não;SETÚBAL, J., MEIDANIS, J., Introduction to Computational Molecular Biology, PWS Publishing Co., 1977. GUSFIELD, D., Algorithms on Strings, Trees and Sequences: Computer Science and Computational Biology, 1997. FLOUDAS, C. A., PARDALOS, P. M., Optimization in Computational Chemistry and Molecular Biology, Kluwer Academmic Publishers, 2000.  ;59
Métodos Qualitativos aplicados em Computação;DCCxxx; Características de métodos qualitativos de pesquisa, planejamento e etapas gerais, métodos e técnicas de coleta de dados, análise de dados. ;não;não;FOX, E. A., GONÇALVES, M. A., Foundations of Information Systems: Digital Libraries and the 5S Frameworks, Morgan Kauffman Publishers Inc., San Francisco, California, 2005. ARMS, W. Y., Practical Digital Libraries: Books, Bytes and Bucks, Morgan Kauffman Publishers Inc., San Francisco, California, 1997.  ;60
Sistemas em Redes;DCCxxx; Introdução a comutação. Topologia de redes. Arquitetura de redes (osi, tcp/ip, etc.). Nível físico. Nível de enlace. Protocolos de acesso. Padrões ieee 802. Nível de rede (protocolo ip). Nível de transporte (protocolo tcp, udp, apis de transporte). ;não;não;[1] J. A. Anderson. An Introduction to Neural Networks. MIT Press, 1995. [2] E. Bonabeau, M. Dorigo, and G. Theraulaz. Swarm Intelligence: From Natural to Artificial Systems. Paperback, 1999. [3] L. N. de Castro. Fundamentals of Natural Computing: Basic Concepts, Algorithms, and Applications. Chapman & Hall, 2007. [4] A. E. Eiben and J. E. Smith. Introduction to Evolutionary Computation. SpringerVerlag, 2003. [5] A Field Guide to Genetic Programming, Riccardo Poli, Bill Langdon and Nic McPhee. http://www.gp-field-guide.org.uk/, Online book [6] Deep Learning, I. Goodfellow, Y. Bengio and A. Courville, MIT Press, 2016 https://www.deeplearningbook.org/   ;61
Teste de Software;DCCxxx; Conceitos básicos. Técnicas de teste. Teste de unidade e integração. Teste de sistema e aceitação. Teste de aplicações web. Mocks. TDD. Refatoração. Ferramentas e frameworks para teste de software. ;não;não;Steve Rabin, Introduction to Game Development, 2nd edition, 2010 Jeannie Novak, Game Development Essentials, 2nd edition, 2008 Ian Millington, Artificial Intelligence for Games Morgan Kauffman, 2006 James Foley, Computer Graphics: Principles and Practice in C, 2nd edition, 1995 James Vert and Lars Bishop, Essential Mathematics for Games and Interactive Applications, 2nd edition, 2008  ;62
Teoria da Informação;DCCxxx; Revisão de probabilidade discreta e inferência bayesiana. Fundamentos de entropia, entropia conjunta, entropia condicional e informação mútua. Métodos de compressão de dados. Conceito de canal de comunicação ruidoso e sua capacidade. Entropia algorítmica e complexidade de Kolmogorov. ;não;não;HIX, D., HARTSON, H. R., Developing User Interfaces: Ensuring Usability Through Product & Process, John Wiley and Sons, 1993.  ;63
Fluxo de Informação Quantitativo;DCCxxx; Revisão da probabilidade discreta e da inferência bayesiana. Modelos de incerteza e medidas de informação. Definição e propriedades fundamentais de canais de informação concretos e abstratos, fluxo de informação e robustez das avaliações do fluxo de informação. Aplicações do fluxo de informação quantitativa. ;não;não;GEIR AGNARSSON, RAYMOND GREENLAW, Graph Theory – Modeling, Applications, and Algorithms, Prentice-Hall, 2007.    ;64
Métodos Formais;DCCxxx;" Métodos formais tem como principal característica a especificação precisa de propriedades que um dado sistema deve satisfazer. Métodos formais permitem especificações precisas através do uso de linguagens munidas de sintaxe, semântica e teoria formalizadas. O formalismo ajuda no processo de especificação de ao menos duas maneiras: naturalmente leva a especificações não-ambíguas de alta qualidade; e provê uma plataforma para o uso de ferramentas de raciocínio lógico automático. Como veremos, técnicas de especificação formal permitem a construção de ferramentas de verificação altamente automatizadas, as quais ajudam desenvolvedores a analisar especificações, e suas respectivas implementações, buscando por erros em requisitos, modelos, designs e implementações. Nesta disciplina estudaremos diferentes técnicas para o desenvolvimento de sistemas formais, cobrindo todo o processo de desenvolvimento: da modelagem em alto nível da semântica do sistema até a sua implementação e como depurá-la. A disciplina não é meramente teórica, no entanto: estes tópicos serão cobertos principalmente através do uso de ferramentas para a aplicação destas técnicas. ";não;não;- Distributed Systems, van Steen e Tanenbaum, 3rd. Ed., van Steen Pub., 2017 -  Sistemas Operacionais: Conceitos e Mecanismos, Carlos Maziero, 1a. Ed., DINF-UFPR, 2019 - Principles of Concurrent and Distributed Programming, M. Ben-Ari, 2nd Ed., Addison Wesley, 2006  ;65
Sistemas de Recomendação;DCCxxx;" Conceitos Básicos: avaliações, predições, recomendações; taxonomia de recomendadores. Recomendação Colaborativa: Recomendação Baseada em Conteúdo. Recomendação Baseada em Conhecimento. Recomendação Híbrida. Avaliação de Recomendadores. Tópicos Avançados. ";não;não;KATZ, R. H., BORRIELO, G., Contemporary Logic Design, Benjamin Cummings, 2a. Ed., 2005. MANO, M. M., Digital Design, Prentice Hall, 2a edição, 1991. HAYES, J. P., Introduction to Digital Logic Design, Addison-Wesley, 1993.  ;66
Computação Gráfica;DCC027; Dispositivos e primitivas de saída e entrada gráficas. Transformações bidimensionais e tridimensionais. Modelagem gráfica. Visualização 3D: modelos, projeções, eliminação de superlines ocultas, iluminação. ;não;não;Ross, S. Probabilidade: Um Curso Moderno com Aplicações. 8ª edição. ARTMED Editora S.A., 2010. MEYER, P. L. Probabilidade: aplicações e estatística. 2. ed. Rio de Janeiro: Livros Técnicos e Científicos Editora, 1984  ;67
Pesquisa Operacional;DCC035; Modelagem. Fundamentos de programação matemática. Programação linear e suas aplicações. Método simplex. Análise de sensibilidade e dualidade. Otimização em redes. Programação dinâmica. ;não;não;Ross, S. Probabilidade: Um Curso Moderno com Aplicações. 8ª edição. ARTMED Editora S.A., 2010 MEYER, P. L. Probabilidade: aplicações e estatística. 2. ed. Rio de Janeiro: Livros Técnicos e Científicos Editora, 1984  ;68
Compiladores I;DCC053; Gramáticas, análise léxica, análise sintática, tabela de símbolos, linguagens intermediárias, alocação de memória, tradução dirigida por sintaxe, geração de código de máquina. ;não;não;Sheldon M. Ross, Simulation, 5th Edition - October 22, Elsevier, 2012 Gareth James , Daniela Witten , Trevor Hastie , Robert Tibshirani, An Introduction to Statistical Learning with Applications in R, Springer, 2013 Gareth James , Daniela Witten , Trevor Hastie , Robert Tibshirani, An Introduction to Statistical Learning with Applications in Python, Springer, 2013   ;69
Empreendimentos em Informática;DCC055; Empreendedorismo: o que é, tipos e exemplos. Perfil do empreendedor. Criatividade. Idéias e oportunidades. Avaliação e planejamento de empreendimentos. Plano de Negócios. Elementos de planejamento e gestão empresarial. Legislação de software. Propriedade intelectual e industrial. Estrutura tributária brasileira. Financiamento de empreendimentos de base tecnológica. ;não;não;Sheldon M. Ross, Simulation, 5th Edition - October 22, Elsevier, 2012 Gareth James , Daniela Witten , Trevor Hastie , Robert Tibshirani, An Introduction to Statistical Learning with Applications in R, Springer, 2013 Gareth James , Daniela Witten , Trevor Hastie , Robert Tibshirani, An Introduction to Statistical Learning with Applications in Python, Springer, 2013  ;70
Algoritmos para bioinformática I;DCC186; Conceitos básicos e métodos para biologia molecular. Novas formas para representaçção e manipulação de sequências em biologia. Recuperação e mineração de dados genômicos. Alinhamento de sequências. Visualização de bancos de dados genômicos. Predição da estrutura da proteína. ;não;não;MAGALHÃES, M.N., LIMA, A.C.P., Noções de Probabilidade e Estatística. 3ª edição. São Paulo: USP, 2001. TRIOLA, M.F. Introdução à Estatística. Rio de Janeiro:LTC, 1998.   ;71
Bibliotecas digitais;DCC190; bibliotecas digitais: histórico, definições, arquitetura e fundamentos, modelos, aspectos socioeconômicos, sistemas e estudos de caso, desafios de pesquisa. ;não;não;HOGG, R. and CRAIG, A. Introduction to mathematical statistics, 4 ed. New York: MacMillan Publishing Co., 1978. MOOD, A., GRAYBILL, F. and BOES, D. Introduction to the theory of statistics. Singapore: MacGraw Hill, 1974.   ;72
Computação natural;DCC191; Computação evolucionária, Computação baseada em interações sociais e Redes Neurais Artificiais aplicadas às áreas de otimização e aprendizado de máquina. ;não;não;HOGG, R. and CRAIG, A. Introduction to mathematical statistics, 4 ed. New York: MacMillan Publishing Co., 1978. MOOD, A., GRAYBILL, F. and BOES, D. Introduction to the theory of statistics. Singapore: MacGraw Hill, 1974.   ;73
Natural computing;DCC192; conceitos básicos de jogos: histórico, características, narrativa gameplay, interfaces. visão geral do processo de desenvolvimento. motores para jogos. conceitos de computação gráfica, física, redes e inteligência artificial aplicadas a jogos. ;não;não;BOLFARINE, H.,BUSSAB, W. Elementos de Amostragem. São Paulo: Editora Edgard Bluncher, 2005. THOMPSON, S. K. Sampling. New York: John Wiley & Sons, 1992.   ;74
Desenvolvimento de jogos digitais;DCC193; motivação e conceitos básicos, princípios de design, padronização de interfaces, estilos de interação, usabilidade em interface web,processo visando a usabilidade, análise visando a usabilidade, desenho da interação, avaliação heurística, especificação de requisitos de usabilidade, prototipação rápida, testes de usabilidade. ;não;não;Charpentier, A. (Ed.). (2014). Computational actuarial science with R. CRC Press. Hothorn, T., & Everitt, B. S. (2014). A handbook of statistical analyses using R. CRC press.  ;75
Engenharia de usabilidade;DCC199;" introdução; conceitos básicos em grafos, árvores, planaridade, coloração de grafos, particionamento e casamento, grafos dirigidos, fluxo em redes, algoritmos em grafos. ";não;não;	Charpentier, A. (Ed.). (2014). Computational actuarial science with R. CRC Press. 	Hothorn, T., & Everitt, B. S. (2014). A handbook of statistical analyses using R. CRC press.  ;76
Teoria dos grafos;DCC641; Programação com variáveis compartilhadas, Fundamentos de computação distribuída, Fundamentos de computação paralela, Tendências. ;não;não;ASSAF NETO, Alexandre. Mercado financeiro. 10ª ed. São Paulo: Atlas, 2011 ANG, Clifford S. Analyzing financial data and implementing financial models using R. Springer, 2015. FABOZZI, F.J. e DRAKE, P.P. The Basics of Finance: An introduction to financial markets, business finance and portfolio management. New Jersey: Wiley, 2010.  ;77
Fundamentos de Sistemas Paralelos e Distribuídos;DCC114; Motivação para estudo de Sistemas Lógicos. Álgebra de Boole. Funções Combinatórias e sua Minimização. Máquinas Seqüenciais: Descrição e Síntese. Outras lógicas com aplicação em Informática. ;sim;não;Montgomery. Design and Analysis of Experiments, (4th, 1997 e 8th, 2016). Neter e outros. Applied Linear Statistical Models, (3th, 1990 e 5th, 2004). Werkema e Aguiar. Planejamento e Análise de Experimentos, 1996. Vol. 8, Série Ferrramentas da Qualidade, FCO.  ;78
Introdução aos Sistemas Lógicos;ESTxxx; 1. Variáveis Aleatórias Discretas: Definição, Função de Probabilidade, Função de distribuição acumulada, Esperança, variância e propriedades, Distribuição e esperança de uma função de variável aleatória, Distribuições Bernoulli, binomial, geométrica, Poisson, binomial negativa, hipergeométrica. 2. Variáveis Aleatórias Contínuas: Definição, Função de densidade de probabilidade, Função de distribuição acumulada, Esperança, variância e propriedades, Distribuições uniforme, normal, exponencial, gama, beta, Weibull e Cauchy, Aproximação normal para a distribuição binomial, Distribuição de uma função de variável contínua. 3. Variáveis aleatórias discretas conjuntamente distribuídas: Função de probabilidade conjunta e propriedades, Função de distribuição acumulada conjunta e propriedades, Independência, Distribuição e esperança condicional, Distribuição de funções de variáveis aleatórias discretas conjuntamente distribuídas, Soma de variáveis aleatórias independentes binomial e Poisson. ;não;não;Brownian Motion and Stochastic Calculus (Graduate Texts in Mathematics), 2nd Edition, by Ioannis Karatzas, Steven Shreve  ;79
Probabilidade I;ESTxxx; 1. Variáveis aleatórias contínuas conjuntamente distribuídas: Integral dupla e tripla, Função de densidade de probabilidade conjunta e propriedades, Função de distribuição acumulada conjunta e propriedades, Independência, Distribuição e esperança condicional, Distribuição de funções de variáveis aleatórias contínuas conjuntamente distribuídas, Método do Jacobiano, Soma de variáveis aleatórias independentes uniforme, normal, exponencial e gama, Distribuições conjunta e marginais de estatísticas de ordem, Distribuição normal multivariada 2. Propriedades da Esperança: Esperança da soma de variáveis aleatórias, Covariância, correlação e propriedades, Variância da soma de variáveis aleatórias, Esperança, variância e correlação condicionais, Função geradora de momentos para soma de variáveis aleatórias contínuas. 3. Teoremas Limites: Desigualdade de Tchebyshev, Convergência em distribuição, Convergência em Probabilidade, Lei Fraca dos Grandes Números, Convergência quase-certa, Lei Forte dos Grandes Números, Teorema Central do Limite 4. Passeios aleatórios. ;não;não;Bivand, R. S., Pebesma E., Rubio, V. G. (2013) Applied spatial data analysis with R, 2 ed, New York: Springer. Gelfand, A. E., Diggle, P. J., Fuentes, M. and Guttorp, P. (2010) Handbook of Spatial Statistics, Boca Raton: Chapman & Hall/CRC.   ;80
Probabilidade II;ESTxxx; Introdução ao R. Geração de números aleatórios. Distribuições de probabilidade. Estruturas de controle e repetição. A família de funções apply(). Criando funções. Paralelização. Maximização, obtenção de raízes de funções e gráficos interativos. Linguagens de marcação: LaTeX. Markdown (Rmarkdown). Documentos dinâmicos com knitr e rmarkdown. Criação de pacotes e aplicativos no R (Shiny).   Pacotes para Map-Reduce, pacotes para falta de memória, pacote para manipulação de bancos de dados (pacote dplyr e suas funções). Desenvolvimento de Interfaces Gráficas: pacote Rgtk2. Integração R/Google Maps: Uso do pacote RgoogleMaps ;não;sim;Algebra Linear. Alfredo Steinbruch e Paulo Winterle Álgebra Linear e Aplicações : Reginaldo J. Santos Outros livros do Prof Reginaldo Tradução do Texto: About Vectors (Capítulo 1) de Banesh Hoffmann Elementary Linear Algebra. Howard Anton. Editora John Wiley Álgebra Linear. Elon Lages de Lima. IMPA Álgebra Linear. S. Lipschutz. Makron  ;81
Métodos Computacionais para Ciência de Dados I;ESTXXX;" 1. Geração de variáveis aleatórias discretas: Método da transformação inversa, Geração de variáveis aleatórias Poisson e Binomial, Método da aceitação e rejeição 2. Geração de variáveis aleatórias contínuas: Algoritmo da transformação inversa; Método da aceitação e rejeição; Método polar para gerar vetores aleatórios normais; Geração de trajetórias de processos de Poisson e suas extensões, Amostragem por importância, Método da rejeição adaptativa, Amostrador de Gibbs 3. Método de Monte Carlo e integração. 4. Técnicas de redução de variância. 5. Algoritmo EM. 6. Bootstrap e Jackknife. ";não;sim;-Rodney Josué Biezuner. Notas de aula de Equações Diferenciais Ordinárias Básicas. Website.http://www.mat.ufmg.br/~rodney/notas_de_aula/eda.pdf -William E.Boyce e Richard C.DiPrima. Equações Diferenciais Elementares e Problemas de Valores de contorno.Livros Técnicos e Científicos. Editora S.A,Rio de Janeiro,9a. edição,2010. -Djairo G.de Figueiredo e Aloisio F.Neves. Equações Diferenciais Aplicadas.SBM, Rio de Janeiro,2a Edição,2005. Bibliografia: -Paulo Cupertino de Lima. Equações Diferenciais A. Website. http://www.ufmg.br/~lima/apostila_eda.pdf -Reginaldo J. Santos. Introdução às Equações Diferenciais Ordinárias.Imprensa Universitária da UFMG,Belo Horizonte, 2011. -Dennis G.Zill e Micael R.Cullen. Equações Diferenciais. Makron Books, São Paulo, 3a edição,2001. -Dennis G. Zill. Equações Diferenciais com Aplicações em Modelagem. Thomsom, São Paulo, 2a. edição, 2011. -SIMMONS, George F. - Cálculo com Geometria Analítica.. McGraw- Hill, Volume 2 -KREYSZIG, E. Matemática Superior. Livros Técnicos e Científicos Editora Ltda, Volume 2, RJ. -SPIEGEL, M. R. - Análise Vetorial. McGraw- Hill do Brasil, SP. -HSU, H.P. - Vector Analysis. New York, Simon & Shuster Inc. -APOSTOL, T. M. - Cálculos. New York, Blaisdell Publishing Company. -BOYCE- DIPRIMA - Equações Diferenciais Elementares e Problemas de Valores de Contorno. Editora Guanabara, 1990. -RODNEY, Carlos Bassanizi, FERREIRA Jr, Wilson Castro - Equações Diferenciais com aplicações.  ;82
Métodos Computacionais para Ciência de Dados II;ESTXXX; Distribuição amostral dos estimadores. Estimação de parâmetros. Intervalos de Confiança e Testes de Hipóteses para uma amostra. Intervalos de Confiança e Testes de Hipóteses para duas amostras. Teste Qui-Quadrado. Análise de Variância. Prática computacional usando softwares estatísticos. ;não;não;KENNETH H. ROSEN - Elementary Number theory and its applications. - Third edition - Adison Wesley - 1992. L. GARDING, T. TAMBOUR - Algebra for Computer Science - Springer Verlag - 1988 CLÁUDIO LUCCHESI - 	Introdução à Criptografia - 4a 	Escola de Computação - IME - USP- 1984. ;83
Introdução à Inferência Estatística;ESTXXX; Conceitos básicos: Modelos paramétricos, Família exponencial, Família de locação e escala, Amostra aleatória, Estatísticas e Distribuições amostrais, Estatísticas de ordem, Função de verossimilhança, Princípio da verossimilhança. Convergência: Convergência em probabilidade, Convergência em distribuição, Teorema Central do Limite, Método Delta, Técnica da função geradora de momentos. Avaliação de Estimadores e Suficiência: Medidas de qualidade de um estimador, Estatística suficiente e propriedades, Critério da fatoração, Completude, Estimadores não-viesados de variância uniformemente mínima, Teorema de Rao Blackwell, Teorema de Lehmann-Scheffé, Estatística ancilar, Teorema de Basu. Métodos de estimação pontual: Método dos momentos, Estimação por máxima verossimilhança, Método de mínimos quadrados, Informação de Fisher, Limite inferior de Cramér-Rao, Eficiência.  Teoria para grandes amostras: Eficiência assintótica, Consistência e normalidade assintótica dos EMVs. ;não;não;-J.P.O Santos et al: Introdução à análise combinatória. Ed. da Unicamp (livro texto) -A. C. Morgado et al: Análise combinatória e probabilidade (6a. ed). IMPA -VITAE -L. Lovász et al: Matemática discreta. Coleção Textos universitários da Sociedade Brasileira de Matemática -N. Vilenkin: De cuantas formas?. Ed. Mir -D. Cohen: Basic techniques of combinatorial analysis. Ed. Wiley -R. Brualdi: Introductory combinatorics. Ed. Prentice-Hall -A. Benjamin e J. Quinn: Proofs that really count: the art of combinatorial proof. Matthematical Association of America -D. Marcus: Combinatorics: a problem oriented approach. Matthematical Association of America  ;84
Inferência I;ESTXXX; Conceitos básicos de testes de hipóteses: Hipóteses simples e compostas, Estatísticas de teste, Regiões críticas, Erros do Tipo I e Tipo II, Tamanho e poder de um teste, p-valor, Lemma de Neyman-Pearson. Testes mais poderosos: Testes uniformemente mais poderosos, Teste da razão de verossimilhança, Teste Wald, Teste Score, Testes não-viesados e uniformemente mais poderosos. Estimação intervalar: Intervalos de confiança, Quantidade pivotal, Construção de intervalos de confiança, Intervalos de confiança assintóticos, Métodos de avaliação de intervalos de confiança. Métodos computacionais: Algoritmo EM, Método de Monte Carlo, Geração de variáveis aleatórias, Introdução ao Bootstrap, Estimação pontual, intervalar e testes de hipóteses via Bootstrap, Método de Jackknife. ;não;não;BATALHA, M.O. Gestão da produção e operações: abordagem integrada. São Paulo: Atlas, 2019. CARPINETTI, L.C.R. Gestão da qualidade: conceitos e técnicas. 3. ed. São Paulo: Atlas, 2016. CORRÊA, H.L., CORRÊA, C.A. Administração de Produção e Operações: Manufatura e Serviços: uma Abordagem Estratégica. 5. ed. São Paulo: Atlas, 2022. CRUZ, T. Processos organizacionais & métodos: BPM & tecnologia da informação, metodologia DOMP, desafios da revolução 4.0. 5.ed. São Paulo: Atlas, 2021. GARVIN, D. A. Gerenciando a Qualidade. Rio de Janeiro: Qualitymark, 1992. KRAJEWSKI, L., RITZMAN, L., MALHOTRA, M. Administração de Produção e Operações. 11 ed. Pearson, 2017. SLACK, N. Administração da produção. 8. ed. São Paulo: GEN, 2020. TUBINO, D. F. Manufatura enxuta como estratégia de produção: a chave para a produtividade industrial. São Paulo: Atlas, 2015. WERKEMA, M. C. C. Ferramentas estatísticas básicas para o gerenciamento de processos. Belo Horizonte: UFMG, EE, FCO, 1995.  ;85
Inferência II;EST037; Amostragem aleatória simples. Uso de variáveis auxiliares - estimador de razão e de regressão. Amostragem aleatória, estratificada, sistemática e de conglomerados em um ou mais estágios. Estratificação de conglomerados e esquemas amostrais correspondentes. ;não;sim;"BRUNI, A. L.; FAMÁ, R. Gestão de custos e formação de preços. São Paulo: Editora Atlas, 2002. DOLAN, Robert J. & SIMON, Hermann, Power pricing: how managing price transforms the bottom line, New York: The Free Press, 1996. CORBETT, T. Bússola financeira. São Paulo: Nobel, 2005. GOLDRATT, E. M.; COX, J. A meta. São Paulo: Nobel, 2002. HANSEN, D. R.; MOWEN, M. M. Gestão de custos: contabilidade e controle. São Paulo: Thomson, 2000. JOHNSON, H. T.; KAPLAN, R. S. Contabilidade gerencial: a restauração da relevância da contabilidade nas empresas. Rio de Janeiro: Campus, 1993. MARTINS, E. Contabilidade de custos. 9a ed. São Paulo: Atlas, 2003.  ";86
Amostragem;ESTXXX; Natureza e objetivos da análise estatística. Fases do trabalho estatístico. Referências estatísticas. Elaboração de proposta técnica. Elaboração de relatórios técnicos. Preparação de dados para análise. Leitura e apresentação de artigos técnicos, com temas e aplicações diversas, como Estatística nas áreas Médica, Industrial, Financeira, Meio Ambiente, Políticas Públicas e Cidadania (direitos humanos, relações étnico-raciais). Prestação de serviço de consultoria estatística, sob supervisão direta do professor. ;não;sim;"ALMEIDA NETO, F. S. ; COSTA, M. S. ; HELAL, D. H. . RELAÇÕES DE TRABALHO E GÊNERO: ASPECTOS DA DESIGUALDADE NO MERCADO DE TRABALHO BRASILEIRO. CADERNOS DE ESTUDOS SOCIAIS, v. 31, p. 57-79, 2016. ARAÚJO, Luís César G de. Gestão de Pessoas: estratégias e integração organizacional. 2ª ed. São Paulo; Atlas, 2009. BERGAMINI, C. W. Avaliação de desempenho humano na empresa. São Paulo: Atlas,1991.4- COLOMBY, RENATO KOCH ; OLTRAMARI, ANDREA POLETO ; RODRIGUES, Maria Beatriz . Integrating perspectives: proposal for the analysis of work as a multifaceted phenomenon. REGE REVISTA DE GESTAO, v. 25, p. 65-83, 2018. FARIA, J. H. de. Análise Crítica das Teorias e Práticas Organizacionais. 1. ed. São Paulo: Atlas, 2007. v. 1. 341p FERRAZ, DEISE LUIZA DA SILVA. A Administração de Recursos Humanos Como Conhecimento que Constitui uma Consciência de Classe para o Capital. REBAP. REVISTA BRASILEIRA DE ADMINISTRAÇÃO POLÍTICA, v. 9, p. 65-88, 2016 FERRAZ, D. L. S.; OLTRAMARI, A. P. (Org.) ; PONCHIROLLI, O. (Org.) . GESTÃO DE PESSOAS E RELAÇÕES DE TRABALHO. 1. ed. São Paulo: Atlas, 2011. v. 1 MARX, K. O Capital Crítica da Economia Política. Livro I: O processo de produção do capital. São Paulo: Boitempo, 2013 PAÇO-CUNHA, Elcemir (Org.) ; FERRAZ, DEISE LUIZA (Org.) . Crítica Marxista da Administração. 1. ed. Rio de Janeiro: Rizoma, 2018. v. 1. 278p . SOBOLL, L. A.; FERRAZ, D. L. S. Gestão de Pessoas: armadilhas da organização do trabalho. São Paulo: Atlas, 2014. WOOD JÚNIOR, T. ; TONELLI, M. J. ; COOKE, B. . Para onde vai a gestão de pessoas. GV Executivo, v. 11, p. 20-24, 2012.  ";87
Laboratório de Estatística I;EST047;" Teoria de Juros; Distribuições de sobrevivência e Tabelas de vida; Seguros de Vida; Anuidades de Vida; Precificação de Seguros. ";não;sim;"KOTLER, P.; KELLER, K. L. Administração de marketing. 15. ed. New Jersey: Prentice Hall, 2015. KOTLER, Philip; KELLER, Kevin Lane. Administração de marketing. [14.ed.]. São Paulo: Pearson Prentice Hall, 2013. KOTLER, Philip; KELLER, Kevin Lane. Administração de marketing. 12. ed. São Paulo: Pearson Prentice Hall, 2006.  ";88
Técnicas Atuariais I;EST049;" Reservas Matemáticas; Modelos de Múltiplos Decrementos; Funções de Múltiplas Vidas; Modelos de Pensão. ";não;sim;"ASSAF NETO A.; SILVA C. A. T. Administração do capital de giro. 3.ed. São Paulo: Atlas, 2002. ASSAF NETO, A. Finanças Corporativas e Valor. 5. ed. São Paulo: Atlas, 2010. GITMAN, L. J. Princípios de Administração Financeira. 10. ed. São Paulo: Addison Wesley, 2004. MARION, J. C. Contabilidade Básica. 10.ed. São Paulo: Atlas, 2009. MATARAZZO D. C. Análise financeira de balanços – abordagem básica e gerencial. 7.ed. São Paulo: Atlas, 2010. ROSS, S. A.; WESTERFIELD R. W.; JAFFE, J. Administração Financeira: Corporate Finance. 2.ed. São Paulo: Atlas, 2002.  ";89
Técnicas Atuariais II;EST050; Principais conceitos de utilidade, Modelo de Risco Individual: Aproximações e resseguros, Modelo de Risco Coletivo: Distribuições, aproximações e resseguros. Teoria da Ruína: avaliação dos seguros. ;não;sim;"IUDICIBUS, Sergio de; MARION, Jose Carlos. Curso de contabilidade para não contadores: para as áreas de administração, economia, direito, engenharia. 7. ed. São Paulo: Atlas, 2011. MARION, Jose Carlos. Contabilidade Básica. 10. ed. São Paulo: Atlas, 2009. IUDICIBUS, Sergio de; MARTINS, Eliseu. Contabilidade introdutória. 11. ed. São Paulo: Atlas, 2010. ALMEIDA, Marcelo Cavalcanti. Curso básico de contabilidade: introdução à metodologia da contabilidade, contabilidade básica. 5. ed. São Paulo: Atlas, 2005.  LEITE, Helio de Paula. Contabilidade para administradores. São Paulo: Atlas, c1988.  ";90
Teoria do Risco;EST036; Experimentos com um fator: efeitos fixos e aleatórios. Planejamento: blocos aleatorizados, quadrados latinos e greco-latinos. Planejamentos fatoriais: efeitos fixos, aleatórios e mistos. Planejamento fatorial geral e hierárquico. Soma de quadrados e esperanças de quadrados médios. Análise de covariância. ;não;sim;"CUNHA, Murilo Bastos da; AMARAL, Sueli Angélica; DANTAS, Edmundo Brandão. Manual de estudos de usuários da informação. São Paulo: Atlas, 2015. GONZÁLEZ TERUEL, Aurora. Los estudios de necesidades y usos de la información: fundamentos y perspectivas actuales. Espana: Ediciones Trea, S. L., 2005. GONZÁLEZ TERUEL, Aurora. Metodos y tecnicas para la investigacion del comportamiento informacional. Espana: Ediciones Trea, 2012. ISBN 9788497046718.  ";91
Planejamento de Experimentos;EST039; Processo estocástico real, com incrementos independentes, de Poisson, estacionários. Cadeias de Markov a parâmetro discreto. Distribuições estacionárias de uma cadeia de Markov a parâmetro contínuo. Processos de 2 ordem. Processo Gaussiano. Introdução à teoria das filas. Sistema de filas tipos M/M/1, M/M/C e M/M/OO. ;não;sim;"ALVARES, L. (Org.). Organização da informação e do conhecimento: conceitos,subsídios interdisciplinares e aplicações. São Paulo:B4 Editores, 2012. 148 p. ARAÚJO, Vânia Maria Rodrigues Hermes de. Sistemas de Informação: nova abordagem teórico conceitual. Ciência da Informação, Brasília, v. 24, n. 1, 1995. BAEZA-YATES, R. RIBEIRO-NETO, B. Recuperação de Informação: Conceitos e tecnologia das máquinas de busca. Tradução técnica: Leandro Krug Wives, Viviane Pereira Moreira. 2. ed. Porto Alegre: Bookman, 2013 BARROS, Maria Helena. Disseminação da informação: entre a teoria e a prática. Marília: s.n., 2003. 108p. (FUNDEPE) CAFÉ, Lígia; SALES, R. Organização da informação: Conceitos básicos e breve fundamentação teórica. In: Jaime Robredo; Marisa Bräscher (Orgs.). Passeios no Bosque da Informação: Estudos sobre Representação e Organização da Informação e do Conhecimento. Brasília DF: IBICT, 2010. 335p.ISBN: 978-85-7013-072-3. Capítulo 6, p. 115-129. Edição eletrônica. CAMPELLO, Bernadete Santos; CALDEIRA, Paulo da Terra, ( orgs.). Introdução às fontes de Informação. Belo Horizonte: Autêntica, 2005. (Coleção Ciência da Informação, v. 1) 4. CAMPELLO, Bernadete Santos; CENDÓN, Beatriz Valadares; KREMER, Jeannette Marguerite. Fontes de informação para pesquisadores e profissionais. Belo Horizonte : Editora da UFMG, 2000. (Aprender) CAMPOS, Maria Luiza Almeida. Perspectivas para o estudo da área de representação da informação. Ciência da Informação, v. 25, n. 2, 1995. CESARINO, M. A. da N. Sistemas de Recuperação da Informação. Revista da Escola de Biblioteconomia da UFMG, Belo Horizonte, v.14, n.2, p. 157-168, set. 1985. Conselho Nacional de Arquivos (Brasil). Câmara Técnica de Documentos Eletrônicos. e-ARQ Brasil: Modelo de Requisitos para Sistemas Informatizados de Gestão Arquivística de Documentos / Câmara Técnica de Documentos Eletrônicos. 1.1. versão. - Rio de Janeiro : Arquivo Nacional, 2011. DAHLBERG, I. Teoria do conceito. Tradução Astério Tavares Campos. Ci. Inf., Rio de Janeiro, v. 7, n. 2, p. 101-107, 1978b. FEITOSA, Ailton. Organização da informação na web: das tags a web semântica. Brasília: Thesaurus, 2006. 136p. FORMENTON, Danilo et al . Os padrões de metadados como recursos tecnológicos para a garantia da preservação digital. Biblios, Pittsburgh , n. 68, p. 82-95, jul. 2017 . FOSKETT, Antony Charles. A abordagem temática da informação. Tradução de Antonio Agenor Briquet de Lemos. São Paulo: Polígono ; Brasília : Editora da UNB, 1973. GRÁCIO, J. C. A. Metadados para a descrição de recursos da Internet: o padrão Dublin Core, aplicações e a questão da interoperabilidade. 2002. 127 f. Dissertação (Mestrado em Ciência da Informação)–Faculdade de Filosofia e Ciências, Universidade Estadual Paulista, Marília, 2002. MOREIRO GONZALEZ, J. et al. De los tesauros a los topic maps: nuevo estándar para la representación y la organización de la información. Encontros Bibli: Revista Eletrônica de Biblioteconomia e Ciência da Informação, Florianópolis, n. 18, p. 1- 19, 2o sem. 2004. NAVES, Madalena Martins Lopes ; KURAMOTO, Hélio. (Orgs.). Organização da informação: princípios e tendências. Brasília: Briquet de Lemos, 2006. SIMÕES, M. G.; LIMA, G.  .de. (Coord.). Do Tratamento à Organização da Informação: Reflexões sobre concepções, perspectivas e tendências. Coimbra: Imprensa da Universidade de Coimbra, 2020. 302 p. SOUZA, Renato Rocha. Sistemas de Recuperação de Informações e mecanismos de busca na web: panorama atual e tendências. Perspectivas em Ciência da Informação, Belo Horizonte, v.11 n.2, p. 161 -173, mai./ago. 2006. ROBREDO, Jaime; BRÄSCHER, Marisa (Orgs.). Passeios pelo bosque da informação: estudos sobre a representação e organização da informação e do conhecimento (eroic). Brasília, DF: IBICT, 2010. 335 p. RONDINELLI, Rosely Curi. Gerenciamento arquivístico de documentos eletrônicos: uma abordagem contemporânea. 3.ed. Rio de Janeiro: FGV, 2005. 160p. ROUSSEAU, Jean-Yves; COUTURE, Carol. Os fundamentos da disciplina Arquivística. Lisboa: Publicações Dom Quixote, 1998. TOMAÉL, Maria Inês (Org.). Fontes de informação na Internet. Londrina: EDUEL, 2008. 176p. TOMAÉL, Maria Inês; VALENTIM, Marta Lígia Pomim. (Orgs). Avaliação de fontes de informação na internet. Londrina: EDUEL, 2004. 155p.  ";92
Processos Estocásticos;ESTXXX; Introdução: Estatística espacial e os diferentes tipos de dados com estrutura espacial. Dados geoestatísticos (referência pontual): Introdução. Aspectos básicos de modelos para processos espaciais: Estacionaridade, Isotropia, Variogramas, Funções de covariâncias, Processo Gaussiano e Kriging. Dados de processos pontuais: Introdução. Processo Poisson homogêneo e não homogêneo. Análise de padrões espaciais pontuais (padrão aleatório, repulsão ou cluster). Campos aleatórios Markovianos (Markov Random Field). Dados de área: Introdução. Dados de área: Modelagem CAR, IAR e SAR. Modelagem espacial hierárquica. Regressão espacial (Modelagem multivariada, coeficientes variando espacialmente). Introdução à modelagem para processos espaço-temporais. ;não;sim;"Dale H. Besterfield, Quality Control, Pearson; 4ª edição (1993) Emilio L. Cano, Javier Martinez Moguerza, Mariano Prieto, Quality Control with R: An ISO Standards Approach (Use R!), 1st ed. 2015 Edição, eBook Kindle Springer, 2015 DC Montgomery, Introduction to Statistical Quality Control, 8th Edition John Wiley & Sons Inc; 8ª edição (2019)    ";93
Estatística Espacial;BCDXXX; Apresentação de trabalhos em eventos (conferências, congressos, simpósios) relacionados a Ciência de Dados. ;não;não;Bowerman, B.L., O’Connel, R.T. Forecasting and Time Series: an applied approach, 3rd. ed., 1993. Wadsworth, Inc. Sobrinho, J.D.V. Matemática Financeira. 7a ed. São Paulo: Editora ATLAS, 2000. Gujarati, D.N. Econometria Básica. 3ª ed. São Paulo: MAKRON Books, 2000. Puccini, A. L. Matemática Financeira: - Objetiva e Aplicada. 6a ed. São Paulo: Saraiva, 2001.  ;94
Participação em eventos I;BCDXXX; Participação do aluno em projetos de Iniciação Científica (incluindo o programa de Iniciação Científica Voluntária da UFMG). ;não;não;"- A. Agresti. Categorical Data Analysis, 2nd edition. John Wiley & Sons, 2002. - A. Agresti. An Introduction to Categorical Data Analysis, 2nd edition. John Wiley & Sons, 2007. - C. D. M. Paulino; J.M. Singer, Análise de Dados Categorizados, São Paulo: Ed. Blucher, 2006  ";95
